Workbook

Sheet RAID Log
A1: ARAG Dealer Support Assistant — RAID Log (Risks, Assumptions, Issues, Dependencies, Open Decisions)
A2: Live tracker. The PRD records criteria and mitigation design; this log owns owner, status and target stage. Last reviewed: 8 Oct 2026 (v1.0 release review).
A4: ID | B4: Type | C4: Title | D4: Description | E4: Impact | F4: Likelihood | G4: Severity | H4: Owner | I4: Action / mitigation | J4: Target stage | K4: Status | L4: Links | M4: Last updated
A5: K1 | B5: Issue | C5: Scope inference (O03) | D5: Rule written for two warranty plans applied to a third, with a real citation | E5: High | F5: — | G5: High | H5: Policy Owner; PM + Eng | I5: Now: policy owner defines Essential Plus coverage; O03 kept as regression test. v1.1: answerability check + 5–10 scope questions | J5: Shadow mode | K5: Open | L5: D1; OD1; R1 | M5: 2026-10-08
A6: K2 | B6: Issue | C6: Stale index | D6: Documents changed but chunks or embeddings not refreshed (seen with S16) | E6: High | F6: — | G6: High | H6: Engineering | I6: Now: startup warning (done). v1.1: automatic re-ingest on change; last-updated date on sources | J6: Pilot | K6: In progress | L6: R3; S16 | M6: 2026-10-08
A7: K3 | B7: Issue | C7: Status flips | D7: H03 refused and S05 false conflict in some runs; content correct | E7: Medium | F7: — | G7: Medium | H7: PM + Support Lead | I7: Now: sources shown, feedback, weekly review of refusals/conflicts. v1.1: answerability check; repeat runs per prompt change | J7: Pilot | K7: Open | L7: R6 | M7: 2026-10-08
A8: K4 | B8: Issue | C8: Citation variance | D8: Same answer, different supporting passages across runs | E8: Low | F8: — | G8: Low | H8: Product Manager | I8: Accepted; v1.1 splits decision vs source consistency metrics | J8: Pilot | K8: Accepted | L8: Consistency run | M8: 2026-10-08
A9: K5 | B9: Issue | C9: Evaluation limits | D9: Same-model judge (one false fail); small, builder-written test set | E9: Medium | F9: — | G9: Medium | H9: Product Manager | I9: Now: manual review of judged answers. v1.1: independent 100+ question set; different-model judge | J9: Broad rollout | K9: Open | L9: S03 | M9: 2026-10-08
A10: I6 | B10: Issue | C10: AWS Bedrock access blocked | D10: New AWS account blocked from all Bedrock models pending a support review | E10: Medium | F10: — | G10: Low | H10: Product Manager | I10: Resolved by switching to Azure OpenAI; close AWS support case, deactivate unused key | J10: Shadow mode | K10: Closed | L10: R5 | M10: 2026-10-08
A11: R1 | B11: Risk | C11: Hallucination on unanswerable questions | D11: Model answers from outside knowledge or over-generalizes | E11: High | F11: Medium | G11: High | H11: Product Manager | I11: Grounding prompt, refusal status, code checks on citations; answerability check in v1.1 | J11: Pilot | K11: Materialized → K1 | L11: PRD Risks; K1; O03 | M11: 2026-10-08
A12: R2 | B12: Risk | C12: Misrouting | D12: Question sent to the wrong path (e.g. policy question to the API) | E12: Medium | F12: Low | G12: Medium | H12: Engineering | I12: Tiered router; 100% main and held-out; rules fallback; decider logged per question | J12: Shadow mode | K12: Mitigated | L12: PRD Results; X01–X15 | M12: 2026-10-08
A13: R3 | B13: Risk | C13: Stale knowledge base | D13: Documents change but chunks or embeddings are not refreshed | E13: High | F13: Medium | G13: High | H13: Engineering | I13: Change detection; startup warning; automatic re-ingest in v1.1 | J13: Pilot | K13: Materialized → K2 | L13: K2; S16 | M13: 2026-10-08
A14: R4 | B14: Risk | C14: Data sovereignty | D14: Real dealer data processed outside the UAE | E14: High | F14: Medium | G14: High | H14: Security & Compliance | I14: Synthetic data only in demo; UAE-region hosting and residency review before real data | J14: Pilot | K14: Open | L14: D4 | M14: 2026-10-08
A15: R5 | B15: Risk | C15: Cloud access or quota restrictions | D15: Model access blocked or zero quota on new accounts | E15: High | F15: Medium | G15: Medium | H15: Engineering | I15: Provider-agnostic interface; keyword and rules fallbacks; Pay-As-You-Go with budget alerts | J15: Shadow mode | K15: Materialized → I6 (resolved) | L15: I6 | M15: 2026-10-08
... A42: A6 | B42: Assumption | C42: Cost estimates | D42: Token prices are list-price estimates | E42: Low | F42: — | G42: Low | H42: Product Manager | I42: Reconcile with Azure Cost Management monthly | J42: Pilot | K42: Open | L42: R12 | M42: 2026-10-08

Sheet Summary
A1: RAID summary
A2: Counts are formulas over the RAID Log tab and update as statuses change.
A4: Type | B4: Total | C4: Open | D4: In progress | E4: Mitigated / Closed / Accepted | F4: High severity open
A5: Issue | B5: =COUNTIF('RAID Log'!$B$5:$B$92,A5) -> 6 | C5: =COUNTIFS('RAID Log'!$B$5:$B$92,A5,'RAID Log'!$K$5:$K$92,"Open*") -> 3 | D5: =COUNTIFS('RAID Log'!$B$5:$B$92,A5,'RAID Log'!$K$5:$K$92,"In progress*") -> 1 | E5: =COUNTIFS('RAID Log'!$B$5:$B$92,A5,'RAID Log'!$K$5:$K$92,"Mitigated*")+COUNTIFS('RAID Log'!$B$5:$B$92,A5,'RAID Log'!$K$5:$K$92,"Closed*")+COUNTIFS('RAID Log'!$B$5:$B$92,A5,'RAID Log'!$K$5:$K$92,"Accepted*") -> 2 | F5: =COUNTIFS('RAID Log'!$B$5:$B$92,A5,'RAID Log'!$K$5:$K$92,"Open*",'RAID Log'!$G$5:$G$92,"High") -> 1
A6: Risk | B6: =COUNTIF('RAID Log'!$B$5:$B$92,A6) -> 14 | C6: =COUNTIFS('RAID Log'!$B$5:$B$92,A6,'RAID Log'!$K$5:$K$92,"Open*") -> 4 | D6: =COUNTIFS('RAID Log'!$B$5:$B$92,A6,'RAID Log'!$K$5:$K$92,"In progress*") -> 0 | E6: =COUNTIFS('RAID Log'!$B$5:$B$92,A6,'RAID Log'!$K$5:$K$92,"Mitigated*")+COUNTIFS('RAID Log'!$B$5:$B$92,A6,'RAID Log'!$K$5:$K$92,"Closed*")+COUNTIFS('RAID Log'!$B$5:$B$92,A6,'RAID Log'!$K$5:$K$92,"Accepted*") -> 6 | F6: =COUNTIFS('RAID Log'!$B$5:$B$92,A6,'RAID Log'!$K$5:$K$92,"Open*",'RAID Log'!$G$5:$G$92,"High") -> 1
A7: Dependency | B7: =COUNTIF('RAID Log'!$B$5:$B$92,A7) -> 5 | C7: =COUNTIFS('RAID Log'!$B$5:$B$92,A7,'RAID Log'!$K$5:$K$92,"Open*") -> 5 | D7: =COUNTIFS('RAID Log'!$B$5:$B$92,A7,'RAID Log'!$K$5:$K$92,"In progress*") -> 0 | E7: =COUNTIFS('RAID Log'!$B$5:$B$92,A7,'RAID Log'!$K$5:$K$92,"Mitigated*")+COUNTIFS('RAID Log'!$B$5:$B$92,A7,'RAID Log'!$K$5:$K$92,"Closed*")+COUNTIFS('RAID Log'!$B$5:$B$92,A7,'RAID Log'!$K$5:$K$92,"Accepted*") -> 0 | F7: =COUNTIFS('RAID Log'!$B$5:$B$92,A7,'RAID Log'!$K$5:$K$92,"Open*",'RAID Log'!$G$5:$G$92,"High") -> 3
A8: Decision | B8: =COUNTIF('RAID Log'!$B$5:$B$92,A8) -> 7 | C8: =COUNTIFS('RAID Log'!$B$5:$B$92,A8,'RAID Log'!$K$5:$K$92,"Open*") -> 7 | D8: =COUNTIFS('RAID Log'!$B$5:$B$92,A8,'RAID Log'!$K$5:$K$92,"In progress*") -> 0 | E8: =COUNTIFS('RAID Log'!$B$5:$B$92,A8,'RAID Log'!$K$5:$K$92,"Mitigated*")+COUNTIFS('RAID Log'!$B$5:$B$92,A8,'RAID Log'!$K$5:$K$92,"Closed*")+COUNTIFS('RAID Log'!$B$5:$B$92,A8,'RAID Log'!$K$5:$K$92,"Accepted*") -> 0 | F8: =COUNTIFS('RAID Log'!$B$5:$B$92,A8,'RAID Log'!$K$5:$K$92,"Open*",'RAID Log'!$G$5:$G$92,"High") -> 2
A9: Assumption | B9: =COUNTIF('RAID Log'!$B$5:$B$92,A9) -> 6 | C9: =COUNTIFS('RAID Log'!$B$5:$B$92,A9,'RAID Log'!$K$5:$K$92,"Open*") -> 6 | D9: =COUNTIFS('RAID Log'!$B$5:$B$92,A9,'RAID Log'!$K$5:$K$92,"In progress*") -> 0 | E9: =COUNTIFS('RAID Log'!$B$5:$B$92,A9,'RAID Log'!$K$5:$K$92,"Mitigated*")+COUNTIFS('RAID Log'!$B$5:$B$92,A9,'RAID Log'!$K$5:$K$92,"Closed*")+COUNTIFS('RAID Log'!$B$5:$B$92,A9,'RAID Log'!$K$5:$K$92,"Accepted*") -> 0 | F9: =COUNTIFS('RAID Log'!$B$5:$B$92,A9,'RAID Log'!$K$5:$K$92,"Open*",'RAID Log'!$G$5:$G$92,"High") -> 2
A10: Total | B10: =SUM(B5:B9) -> 38 | C10: =SUM(C5:C9) -> 25 | D10: =SUM(D5:D9) -> 1 | E10: =SUM(E5:E9) -> 8 | F10: =SUM(F5:F9) -> 9
A12: Note: risks that materialized are tracked as issues (e.g. R1 → K1); their risk row shows “Materialized → K…”, counted as neither open nor closed.

Sheet Guide
A1: How to use this log
A2: ID prefixes | B2: K = known issue (from evaluation) · I = other issue · R = risk · A = assumption · D = dependency · OD = open decision
A3: Edit | B3: Update Owner, Action, Target stage and Status in the RAID Log tab; dropdowns are provided. Change Last updated when you edit a row.
A4: Status values | B4: Open · In progress · Mitigated · Closed · Accepted · Materialized → K… (a risk that became an issue)
A5: Severity | B5: Rated by impact on the dealer (wrong information reaching a dealer = High), not by frequency in metrics
A6: Target stage | B6: The rollout stage whose release gate requires the item: Shadow mode · Pilot · Broad rollout (see PRD > Release Gates)
A7: Review cadence | B7: Weekly during shadow mode and pilot; at every release review
A8: Example row | B8: K1 | Issue | Scope inference (O03) | … | Policy Owner; PM + Eng | … | Shadow mode | Open
A9: Related documents | B9: PRD (docs/ARAG_Model_PRD.docx) · v1.0 Release Review (docs/ARAG_v1.0_Release_Review.docx)
